{
    "zonas": [
        {
            "id": 1,
            "zona": "Ciudad Vieja",
            "centro comunal zonal": "1",
            "municipio": "B"
        },
        {
            "id": 2,
            "zona": "Centro",
            "centro comunal zonal": "1",
            "municipio": "B"
        },
        {
            "id": 3,
            "zona": "Barrio Sur",
            "centro comunal zonal": "1",
            "municipio": "B"
        },
        {
            "id": 4,
            "zona": "Cordón",
            "centro comunal zonal": "2",
            "municipio": "B"
        },
        {
            "id": 5,
            "zona": "Palermo",
            "centro comunal zonal": "2",
            "municipio": "B"
        },
        {
            "id": 6,
            "zona": "Parque Rodó",
            "centro comunal zonal": "2",
            "municipio": "B"
        },
        {
            "id": 7,
            "zona": "Punta Carretas",
            "centro comunal zonal": "5",
            "municipio": "B y CH"
        },
        {
            "id": 8,
            "zona": "Pocitos",
            "centro comunal zonal": "5",
            "municipio": "CH"
        },
        {
            "id": 9,
            "zona": "Buceo",
            "centro comunal zonal": "5 y 7",
            "municipio": "CH y E"
        },
        {
            "id": 10,
            "zona": "Parque Batlle",
            "centro comunal zonal": "4 y 5",
            "municipio": "CH"
        },
        {
            "id": 11,
            "zona": "Malvín",
            "centro comunal zonal": "7",
            "municipio": "E"
        },
        {
            "id": 12,
            "zona": "Malvín Norte",
            "centro comunal zonal": "6 y 8",
            "municipio": "E"
        },
        {
            "id": 13,
            "zona": "Punta Gorda",
            "centro comunal zonal": "7",
            "municipio": "E"
        },
        {
            "id": 14,
            "zona": "Carrasco",
            "centro comunal zonal": "8",
            "municipio": "E"
        },
        {
            "id": 15,
            "zona": "Carrasco Norte",
            "centro comunal zonal": "8",
            "municipio": "E"
        },
        {
            "id": 16,
            "zona": "Bañados de Carrasco",
            "centro comunal zonal": "9",
            "municipio": "F"
        },
        {
            "id": 17,
            "zona": "Maroñas",
            "centro comunal zonal": "9",
            "municipio": "F"
        },
        {
            "id": 18,
            "zona": "Flor de Maroñas",
            "centro comunal zonal": "9",
            "municipio": "F"
        },
        {
            "id": 19,
            "zona": "Las Canteras",
            "centro comunal zonal": "8 y 9",
            "municipio": "E y F"
        },
        {
            "id": 20,
            "zona": "Punta de Rieles",
            "centro comunal zonal": "9",
            "municipio": "F"
        },
        {
            "id": 21,
            "zona": "Jardines del Hipódromo",
            "centro comunal zonal": "9",
            "municipio": "F"
        },
        {
            "id": 22,
            "zona": "Ituzaingó",
            "centro comunal zonal": "9",
            "municipio": "F"
        },
        {
            "id": 23,
            "zona": "Unión",
            "centro comunal zonal": "6 y 11",
            "municipio": "D, E y F"
        },
        {
            "id": 24,
            "zona": "Villa Española",
            "centro comunal zonal": "9 y 11",
            "municipio": "D y F"
        },
        {
            "id": 25,
            "zona": "Mercado Modelo",
            "centro comunal zonal": "3 y 11",
            "municipio": "C y D"
        },
        {
            "id": 26,
            "zona": "Castro",
            "centro comunal zonal": "11",
            "municipio": "D"
        },
        {
            "id": 27,
            "zona": "Cerrito de la Victoria",
            "centro comunal zonal": "11",
            "municipio": "D"
        },
        {
            "id": 28,
            "zona": "Las Acacias",
            "centro comunal zonal": "11",
            "municipio": "D"
        },
        {
            "id": 29,
            "zona": "Aires Puros",
            "centro comunal zonal": "10 y 15",
            "municipio": "C y D"
        },
        {
            "id": 30,
            "zona": "Casavalle",
            "centro comunal zonal": "11",
            "municipio": "D"
        },
        {
            "id": 31,
            "zona": "Piedras Blancas",
            "centro comunal zonal": "9 y 10",
            "municipio": "D y F"
        },
        {
            "id": 32,
            "zona": "Manga",
            "centro comunal zonal": "10",
            "municipio": "D"
        },
        {
            "id": 33,
            "zona": "Paso de las Duranas",
            "centro comunal zonal": "13",
            "municipio": "G"
        },
        {
            "id": 34,
            "zona": "Peñarol",
            "centro comunal zonal": "13",
            "municipio": "G"
        },
        {
            "id": 35,
            "zona": "Villa del Cerro",
            "centro comunal zonal": "17",
            "municipio": "A"
        },
        {
            "id": 36,
            "zona": "Casabó",
            "centro comunal zonal": "17",
            "municipio": "A"
        },
        {
            "id": 37,
            "zona": "La Paloma",
            "centro comunal zonal": "17",
            "municipio": "A"
        },
        {
            "id": 38,
            "zona": "La Teja",
            "centro comunal zonal": "14",
            "municipio": "A"
        },
        {
            "id": 39,
            "zona": "Prado",
            "centro comunal zonal": "15 y 16",
            "municipio": "A y C"
        },
        {
            "id": 40,
            "zona": "Capurro",
            "centro comunal zonal": "16",
            "municipio": "C"
        },
        {
            "id": 41,
            "zona": "Aguada",
            "centro comunal zonal": "1, 2 y 3",
            "municipio": "B y C"
        },
        {
            "id": 42,
            "zona": "Reducto",
            "centro comunal zonal": "3",
            "municipio": "C"
        },
        {
            "id": 43,
            "zona": "Atahualpa",
            "centro comunal zonal": "15",
            "municipio": "C"
        },
        {
            "id": 44,
            "zona": "Jacinto Vera",
            "centro comunal zonal": "3",
            "municipio": "C"
        },
        {
            "id": 45,
            "zona": "La Figurita",
            "centro comunal zonal": "3",
            "municipio": "C"
        },
        {
            "id": 46,
            "zona": "Larrañaga",
            "centro comunal zonal": "4",
            "municipio": "C y CH"
        },
        {
            "id": 47,
            "zona": "La Blanqueada",
            "centro comunal zonal": "4 y 6",
            "municipio": "CH y E"
        },
        {
            "id": 48,
            "zona": "Villa Muñoz",
            "centro comunal zonal": "3",
            "municipio": "B y C"
        },
        {
            "id": 49,
            "zona": "La Comercial",
            "centro comunal zonal": "2 y 3",
            "municipio": "B y C"
        },
        {
            "id": 50,
            "zona": "Tres Cruces",
            "centro comunal zonal": "4",
            "municipio": "B y CH"
        },
        {
            "id": 51,
            "zona": "Brazo Oriental",
            "centro comunal zonal": "3",
            "municipio": "C"
        },
        {
            "id": 52,
            "zona": "Sayago",
            "centro comunal zonal": "13",
            "municipio": "G"
        },
        {
            "id": 53,
            "zona": "Conciliación",
            "centro comunal zonal": "13",
            "municipio": "G"
        },
        {
            "id": 54,
            "zona": "Belvedere",
            "centro comunal zonal": "13 y 14",
            "municipio": "A y G"
        },
        {
            "id": 55,
            "zona": "Nuevo París",
            "centro comunal zonal": "13 y 14",
            "municipio": "A y G"
        },
        {
            "id": 56,
            "zona": "Tres Ombúes",
            "centro comunal zonal": "14",
            "municipio": "A"
        },
        {
            "id": 57,
            "zona": "Paso de la Arena",
            "centro comunal zonal": "18",
            "municipio": "A"
        },
        {
            "id": 58,
            "zona": "Colón Sudeste",
            "centro comunal zonal": "12",
            "municipio": "G"
        },
        {
            "id": 59,
            "zona": "Colón Centro y Noroeste",
            "centro comunal zonal": "12",
            "municipio": "G"
        },
        {
            "id": 60,
            "zona": "Lezica",
            "centro comunal zonal": "12",
            "municipio": "A y G"
        },
        {
            "id": 61,
            "zona": "Villa García",
            "centro comunal zonal": "9",
            "municipio": "F"
        },
        {
            "id": 62,
            "zona": "Manga",
            "centro comunal zonal": "9",
            "municipio": "F"
        },
        {
          "id": 63,
          "zona": "Villa Dolores",
          "centro comunal zonal": "4 y 5",
          "municipio": "CH"
      },
      {
          "id": 64,
          "zona": "Parque Guaraní",
          "centro comunal zonal": "9",
          "municipio": "F"
      },
      {
          "id": 65,
          "zona": "Bella Italia",
          "centro comunal zonal": "9",
          "municipio": "F"
      },
      {
          "id": 66,
          "zona": "Bolívar",
          "centro comunal zonal": "3 y 11",
          "municipio": "C y D"
      },
      {
          "id": 67,
          "zona": "Marconi",
          "centro comunal zonal": "11",
          "municipio": "D"
      },
      {
          "id": 68,
          "zona": "Toledo Chico",
          "centro comunal zonal": "10",
          "municipio": "D"
      },
      {
          "id": 69,
          "zona": "Lavalleja",
          "centro comunal zonal": "13",
          "municipio": "G"
      },
      {
          "id": 70,
          "zona": "Pajas Blancas",
          "centro comunal zonal": "17",
          "municipio": "A"
      },
      {
          "id": 71,
          "zona": "Tomkinson",
          "centro comunal zonal": "17",
          "municipio": "A"
      },
      {
          "id": 72,
          "zona": "Nueva Savona",
          "centro comunal zonal": "15 y 16",
          "municipio": "A y C"
      },
      {
          "id": 73,
          "zona": "Bella Vista",
          "centro comunal zonal": "16",
          "municipio": "C"
      },
      {
          "id": 74,
          "zona": "Arroyo Seco",
          "centro comunal zonal": "16",
          "municipio": "C"
      },
      {
          "id": 75,
          "zona": "Retiro",
          "centro comunal zonal": "3",
          "municipio": "B y C"
      },
      {
          "id": 76,
          "zona": "Goes",
          "centro comunal zonal": "3",
          "municipio": "B y C"
      },
      {
          "id": 77,
          "zona": "Paso Molino",
          "centro comunal zonal": "13 y 14",
          "municipio": "A y G"
      },
      {
          "id": 78,
          "zona": "Pueblo Victoria",
          "centro comunal zonal": "14",
          "municipio": "A"
      },
      {
          "id": 79,
          "zona": "Santiago Vázquez",
          "centro comunal zonal": "18",
          "municipio": "A"
      },
      {
          "id": 80,
          "zona": "Abayubá",
          "centro comunal zonal": "12",
          "municipio": "G"
      }
    ]
  }
  